Product,Year,Investment
Private,2013,174.4932914
Private,2014,217.7287006
Private,2015,276.30619
Private,2016,230.75676
Private,2017,231.6907294
Private,2018,230.1944965
Private,2019,224.8623153
Private,2020,239.6045715
Public,2013,64.3281487
Public,2014,70.53365537
Public,2015,63.46555625
Public,2016,32.4917045
Public,2017,119.7220678
Public,2018,91.85190346
Public,2019,104.4526365
Public,2020,108.1518207
